id,label
00000.png,cat
00001.png,truck
00002.png,horse
00003.png,airplane
00004.png,automobile
00005.png,bird
00006.png,horse
00007.png,deer
00008.png,automobile
00009.png,automobile
00010.png,automobile
00011.png,truck
00012.png,cat
00013.png,deer
00014.png,cat
00015.png,ship
00016.png,truck
00017.png,automobile
00018.png,automobile
00019.png,truck
00020.png,frog
00021.png,horse
00022.png,deer
00023.png,airplane
00024.png,airplane
00025.png,bird
00026.png,truck
00027.png,bird
00028.png,airplane
00029.png,deer
00030.png,frog
00031.png,automobile
00032.png,bird
00033.png,airplane
00034.png,frog
00035.png,horse
00036.png,horse
00037.png,dog
00038.png,deer
00039.png,dog
00040.png,dog
00041.png,bird
00042.png,cat
00043.png,horse
00044.png,automobile
00045.png,deer
00046.png,frog
00047.png,automobile
00048.png,dog
00049.png,automobile
00050.png,cat
00051.png,horse
00052.png,deer
00053.png,airplane
00054.png,horse
00055.png,airplane
00056.png,truck
00057.png,airplane
00058.png,truck
00059.png,airplane
00060.png,automobile
00061.png,horse
00062.png,automobile
00063.png,dog
00064.png,automobile
00065.png,deer
00066.png,truck
00067.png,cat
00068.png,dog
00069.png,ship
00070.png,airplane
00071.png,truck
00072.png,bird
00073.png,cat
00074.png,ship
00075.png,frog
00076.png,truck
00077.png,dog
00078.png,deer
00079.png,dog
00080.png,frog
00081.png,automobile
00082.png,automobile
00083.png,horse
00084.png,automobile
00085.png,airplane
00086.png,truck
00087.png,ship
00088.png,truck
00089.png,truck
00090.png,ship
00091.png,cat
00092.png,ship
00093.png,cat
00094.png,truck
00095.png,dog
00096.png,airplane
00097.png,ship
00098.png,horse
00099.png,automobile
00100.png,ship
00101.png,dog
00102.png,frog
00103.png,frog
00104.png,cat
00105.png,deer
00106.png,ship
00107.png,automobile
00108.png,dog
00109.png,cat
00110.png,automobile
00111.png,deer
00112.png,frog
00113.png,airplane
00114.png,bird
00115.png,truck
00116.png,airplane
00117.png,truck
00118.png,frog
00119.png,ship
00120.png,cat
00121.png,airplane
00122.png,automobile
00123.png,ship
00124.png,frog
00125.png,bird
00126.png,frog
00127.png,automobile
00128.png,automobile
00129.png,deer
00130.png,frog
00131.png,truck
00132.png,cat
00133.png,dog
00134.png,frog
00135.png,airplane
00136.png,deer
00137.png,horse
00138.png,airplane
00139.png,frog
00140.png,ship
00141.png,ship
00142.png,frog
00143.png,airplane
00144.png,automobile
00145.png,frog
00146.png,horse
00147.png,horse
00148.png,horse
00149.png,bird
00150.png,automobile
00151.png,cat
00152.png,horse
00153.png,cat
00154.png,automobile
00155.png,ship
00156.png,truck
00157.png,truck
00158.png,automobile
00159.png,automobile
00160.png,horse
00161.png,bird
00162.png,frog
00163.png,dog
00164.png,deer
00165.png,bird
00166.png,frog
00167.png,cat
00168.png,deer
00169.png,airplane
00170.png,bird
00171.png,cat
00172.png,frog
00173.png,cat
00174.png,automobile
00175.png,bird
00176.png,horse
00177.png,truck
00178.png,truck
00179.png,truck
00180.png,bird
00181.png,horse
00182.png,horse
00183.png,truck
00184.png,airplane
00185.png,automobile
00186.png,cat
00187.png,frog
00188.png,truck
00189.png,deer
00190.png,deer
00191.png,airplane
00192.png,airplane
00193.png,frog
00194.png,horse
00195.png,dog
00196.png,dog
00197.png,airplane
00198.png,ship
00199.png,dog
00200.png,airplane
00201.png,bird
00202.png,dog
00203.png,dog
00204.png,bird
00205.png,deer
00206.png,automobile
00207.png,truck
00208.png,cat
00209.png,ship
00210.png,frog
00211.png,horse
00212.png,truck
00213.png,automobile
00214.png,cat
00215.png,ship
00216.png,ship
00217.png,cat
00218.png,cat
00219.png,horse
00220.png,horse
00221.png,ship
00222.png,frog
00223.png,dog
00224.png,deer
00225.png,frog
00226.png,dog
00227.png,airplane
00228.png,cat
00229.png,bird
00230.png,deer
00231.png,truck
00232.png,truck
00233.png,horse
00234.png,frog
00235.png,ship
00236.png,bird
00237.png,horse
00238.png,bird
00239.png,frog
00240.png,truck
00241.png,automobile
00242.png,horse
00243.png,automobile
00244.png,cat
00245.png,frog
00246.png,ship
00247.png,frog
00248.png,truck
00249.png,dog
00250.png,ship
00251.png,frog
00252.png,deer
00253.png,ship
00254.png,horse
00255.png,truck
00256.png,cat
00257.png,ship
00258.png,horse
00259.png,cat
00260.png,automobile
00261.png,frog
00262.png,frog
00263.png,horse
00264.png,frog
00265.png,ship
00266.png,deer
00267.png,airplane
00268.png,truck
00269.png,dog
00270.png,ship
00271.png,dog
00272.png,deer
00273.png,automobile
00274.png,horse
00275.png,dog
00276.png,airplane
00277.png,truck
00278.png,deer
00279.png,automobile
00280.png,deer
00281.png,bird
00282.png,airplane
00283.png,dog
00284.png,bird
00285.png,truck
00286.png,frog
00287.png,frog
00288.png,bird
00289.png,deer
00290.png,horse
00291.png,horse
00292.png,frog
00293.png,cat
00294.png,ship
00295.png,horse
00296.png,deer
00297.png,frog
00298.png,ship
00299.png,dog
00300.png,automobile
00301.png,dog
00302.png,ship
00303.png,ship
00304.png,frog
00305.png,deer
00306.png,horse
00307.png,frog
00308.png,cat
00309.png,bird
00310.png,dog
00311.png,dog
00312.png,frog
00313.png,cat
00314.png,bird
00315.png,cat
00316.png,truck
00317.png,deer
00318.png,truck
00319.png,bird
00320.png,cat
00321.png,dog
00322.png,deer
00323.png,ship
00324.png,horse
00325.png,ship
00326.png,ship
00327.png,automobile
00328.png,horse
00329.png,automobile
00330.png,truck
00331.png,dog
00332.png,cat
00333.png,airplane
00334.png,deer
00335.png,cat
00336.png,frog
00337.png,horse
00338.png,airplane
00339.png,dog
00340.png,frog
00341.png,bird
00342.png,bird
00343.png,frog
00344.png,truck
00345.png,deer
00346.png,ship
00347.png,cat
00348.png,ship
00349.png,ship
00350.png,frog
00351.png,automobile
00352.png,frog
00353.png,truck
00354.png,deer
00355.png,automobile
00356.png,frog
00357.png,automobile
00358.png,deer
00359.png,horse
00360.png,dog
00361.png,horse
00362.png,automobile
00363.png,truck
00364.png,airplane
00365.png,deer
00366.png,airplane
00367.png,horse
00368.png,dog
00369.png,horse
00370.png,dog
00371.png,ship
00372.png,bird
00373.png,frog
00374.png,truck
00375.png,dog
00376.png,frog
00377.png,dog
00378.png,ship
00379.png,dog
00380.png,frog
00381.png,truck
00382.png,airplane
00383.png,truck
00384.png,horse
00385.png,cat
00386.png,dog
00387.png,frog
00388.png,horse
00389.png,airplane
00390.png,horse
00391.png,airplane
00392.png,bird
00393.png,ship
00394.png,airplane
00395.png,bird
00396.png,airplane
00397.png,dog
00398.png,cat
00399.png,deer
00400.png,deer
00401.png,airplane
00402.png,dog
00403.png,bird
00404.png,bird
00405.png,dog
00406.png,ship
00407.png,dog
00408.png,automobile
00409.png,automobile
00410.png,automobile
00411.png,horse
00412.png,dog
00413.png,deer
00414.png,frog
00415.png,frog
00416.png,truck
00417.png,ship
00418.png,frog
00419.png,bird
00420.png,airplane
00421.png,automobile
00422.png,ship
00423.png,automobile
00424.png,airplane
00425.png,cat
00426.png,automobile
00427.png,frog
00428.png,bird
00429.png,frog
00430.png,truck
00431.png,dog
00432.png,dog
00433.png,deer
00434.png,airplane
00435.png,bird
00436.png,frog
00437.png,bird
00438.png,frog
00439.png,dog
00440.png,frog
00441.png,deer
00442.png,bird
00443.png,automobile
00444.png,cat
00445.png,cat
00446.png,dog
00447.png,bird
00448.png,bird
00449.png,ship
00450.png,bird
00451.png,cat
00452.png,horse
00453.png,frog
00454.png,automobile
00455.png,ship
00456.png,frog
00457.png,truck
00458.png,frog
00459.png,airplane
00460.png,airplane
00461.png,frog
00462.png,ship
00463.png,airplane
00464.png,dog
00465.png,automobile
00466.png,deer
00467.png,dog
00468.png,cat
00469.png,bird
00470.png,frog
00471.png,deer
00472.png,frog
00473.png,airplane
00474.png,airplane
00475.png,horse
00476.png,truck
00477.png,airplane
00478.png,airplane
00479.png,cat
00480.png,frog
00481.png,deer
00482.png,cat
00483.png,airplane
00484.png,airplane
00485.png,horse
00486.png,bird
00487.png,bird
00488.png,airplane
00489.png,deer
00490.png,bird
00491.png,airplane
00492.png,ship
00493.png,deer
00494.png,horse
00495.png,ship
00496.png,bird
00497.png,bird
00498.png,frog
00499.png,bird
00500.png,horse
00501.png,truck
00502.png,ship
00503.png,truck
00504.png,frog
00505.png,bird
00506.png,automobile
00507.png,dog
00508.png,truck
00509.png,horse
00510.png,ship
00511.png,cat
00512.png,truck
00513.png,automobile
00514.png,horse
00515.png,bird
00516.png,truck
00517.png,horse
00518.png,horse
00519.png,dog
00520.png,frog
00521.png,horse
00522.png,truck
00523.png,bird
00524.png,dog
00525.png,bird
00526.png,truck
00527.png,bird
00528.png,bird
00529.png,horse
00530.png,dog
00531.png,deer
00532.png,dog
00533.png,airplane
00534.png,deer
00535.png,airplane
00536.png,bird
00537.png,truck
00538.png,cat
00539.png,horse
00540.png,deer
00541.png,cat
00542.png,ship
00543.png,bird
00544.png,automobile
00545.png,truck
00546.png,horse
00547.png,deer
00548.png,dog
00549.png,automobile
00550.png,bird
00551.png,frog
00552.png,bird
00553.png,deer
00554.png,horse
00555.png,deer
00556.png,automobile
00557.png,automobile
00558.png,automobile
00559.png,truck
00560.png,horse
00561.png,truck
00562.png,deer
00563.png,airplane
00564.png,truck
00565.png,truck
00566.png,cat
00567.png,bird
00568.png,deer
00569.png,ship
00570.png,dog
00571.png,frog
00572.png,dog
00573.png,dog
00574.png,frog
00575.png,airplane
00576.png,frog
00577.png,dog
00578.png,truck
00579.png,dog
00580.png,ship
00581.png,ship
00582.png,ship
00583.png,cat
00584.png,dog
00585.png,horse
00586.png,frog
00587.png,airplane
00588.png,automobile
00589.png,dog
00590.png,ship
00591.png,automobile
00592.png,airplane
00593.png,cat
00594.png,ship
00595.png,ship
00596.png,truck
00597.png,horse
00598.png,dog
00599.png,airplane
00600.png,cat
00601.png,ship
00602.png,ship
00603.png,ship
00604.png,ship
00605.png,automobile
00606.png,automobile
00607.png,cat
00608.png,frog
00609.png,deer
00610.png,ship
00611.png,deer
00612.png,airplane
00613.png,deer
00614.png,horse
00615.png,frog
00616.png,airplane
00617.png,automobile
00618.png,deer
00619.png,frog
00620.png,deer
00621.png,frog
00622.png,cat
00623.png,horse
00624.png,ship
00625.png,truck
00626.png,truck
00627.png,automobile
00628.png,dog
00629.png,horse
00630.png,horse
00631.png,cat
00632.png,truck
00633.png,cat
00634.png,horse
00635.png,automobile
00636.png,dog
00637.png,automobile
00638.png,truck
00639.png,horse
00640.png,frog
00641.png,deer
00642.png,frog
00643.png,truck
00644.png,horse
00645.png,deer
00646.png,deer
00647.png,truck
00648.png,cat
00649.png,truck
00650.png,frog
00651.png,frog
00652.png,horse
00653.png,automobile
00654.png,truck
00655.png,automobile
00656.png,horse
00657.png,cat
00658.png,truck
00659.png,bird
00660.png,bird
00661.png,bird
00662.png,truck
00663.png,deer
00664.png,frog
00665.png,airplane
00666.png,airplane
00667.png,bird
00668.png,cat
00669.png,ship
00670.png,dog
00671.png,ship
00672.png,automobile
00673.png,deer
00674.png,airplane
00675.png,ship
00676.png,truck
00677.png,deer
00678.png,airplane
00679.png,dog
00680.png,frog
00681.png,ship
00682.png,horse
00683.png,frog
00684.png,bird
00685.png,automobile
00686.png,dog
00687.png,truck
00688.png,bird
00689.png,automobile
00690.png,dog
00691.png,deer
00692.png,cat
00693.png,dog
00694.png,bird
00695.png,ship
00696.png,frog
00697.png,automobile
00698.png,automobile
00699.png,airplane
00700.png,horse
00701.png,dog
00702.png,bird
00703.png,cat
00704.png,ship
00705.png,dog
00706.png,ship
00707.png,dog
00708.png,deer
00709.png,deer
00710.png,airplane
00711.png,frog
00712.png,truck
00713.png,airplane
00714.png,airplane
00715.png,ship
00716.png,truck
00717.png,automobile
00718.png,dog
00719.png,ship
00720.png,bird
00721.png,ship
00722.png,frog
00723.png,ship
00724.png,bird
00725.png,deer
00726.png,ship
00727.png,cat
00728.png,automobile
00729.png,cat
00730.png,deer
00731.png,ship
00732.png,airplane
00733.png,cat
00734.png,automobile
00735.png,horse
00736.png,cat
00737.png,cat
00738.png,truck
00739.png,bird
00740.png,airplane
00741.png,horse
00742.png,automobile
00743.png,frog
00744.png,dog
00745.png,automobile
00746.png,ship
00747.png,ship
00748.png,airplane
00749.png,ship
00750.png,cat
00751.png,horse
00752.png,cat
00753.png,cat
00754.png,truck
00755.png,deer
00756.png,truck
00757.png,cat
00758.png,bird
00759.png,frog
00760.png,frog
00761.png,airplane
00762.png,deer
00763.png,bird
00764.png,ship
00765.png,ship
00766.png,airplane
00767.png,cat
00768.png,ship
00769.png,airplane
00770.png,dog
00771.png,frog
00772.png,deer
00773.png,automobile
00774.png,deer
00775.png,cat
00776.png,truck
00777.png,cat
00778.png,cat
00779.png,truck
00780.png,dog
00781.png,cat
00782.png,horse
00783.png,automobile
00784.png,cat
00785.png,horse
00786.png,ship
00787.png,dog
00788.png,automobile
00789.png,deer
00790.png,ship
00791.png,ship
00792.png,bird
00793.png,ship
00794.png,dog
00795.png,bird
00796.png,dog
00797.png,deer
00798.png,horse
00799.png,dog
00800.png,dog
00801.png,cat
00802.png,dog
00803.png,horse
00804.png,dog
00805.png,cat
00806.png,frog
00807.png,horse
00808.png,ship
00809.png,bird
00810.png,horse
00811.png,deer
00812.png,frog
00813.png,cat
00814.png,dog
00815.png,frog
00816.png,dog
00817.png,automobile
00818.png,horse
00819.png,automobile
00820.png,bird
00821.png,bird
00822.png,automobile
00823.png,bird
00824.png,cat
00825.png,ship
00826.png,dog
00827.png,ship
00828.png,cat
00829.png,frog
00830.png,cat
00831.png,deer
00832.png,horse
00833.png,horse
00834.png,cat
00835.png,deer
00836.png,ship
00837.png,automobile
00838.png,deer
00839.png,horse
00840.png,deer
00841.png,deer
00842.png,frog
00843.png,airplane
00844.png,cat
00845.png,deer
00846.png,truck
00847.png,truck
00848.png,airplane
00849.png,ship
00850.png,bird
00851.png,airplane
00852.png,automobile
00853.png,truck
00854.png,automobile
00855.png,bird
00856.png,airplane
00857.png,cat
00858.png,airplane
00859.png,truck
00860.png,bird
00861.png,ship
00862.png,airplane
00863.png,dog
00864.png,dog
00865.png,bird
00866.png,bird
00867.png,frog
00868.png,dog
00869.png,dog
00870.png,cat
00871.png,truck
00872.png,deer
00873.png,ship
00874.png,airplane
00875.png,cat
00876.png,truck
00877.png,truck
00878.png,cat
00879.png,bird
00880.png,deer
00881.png,cat
00882.png,airplane
00883.png,automobile
00884.png,automobile
00885.png,dog
00886.png,cat
00887.png,dog
00888.png,cat
00889.png,frog
00890.png,frog
00891.png,truck
00892.png,automobile
00893.png,airplane
00894.png,frog
00895.png,deer
00896.png,frog
00897.png,truck
00898.png,deer
00899.png,dog
00900.png,airplane
00901.png,ship
00902.png,deer
00903.png,dog
00904.png,bird
00905.png,ship
00906.png,ship
00907.png,airplane
00908.png,frog
00909.png,dog
00910.png,dog
00911.png,horse
00912.png,dog
00913.png,automobile
00914.png,bird
00915.png,ship
00916.png,frog
00917.png,airplane
00918.png,frog
00919.png,airplane
00920.png,deer
00921.png,frog
00922.png,cat
00923.png,horse
00924.png,automobile
00925.png,automobile
00926.png,airplane
00927.png,dog
00928.png,dog
00929.png,ship
00930.png,horse
00931.png,airplane
00932.png,automobile
00933.png,airplane
00934.png,horse
00935.png,truck
00936.png,truck
00937.png,ship
00938.png,frog
00939.png,ship
00940.png,automobile
00941.png,truck
00942.png,airplane
00943.png,truck
00944.png,airplane
00945.png,dog
00946.png,dog
00947.png,bird
00948.png,cat
00949.png,frog
00950.png,dog
00951.png,dog
00952.png,deer
00953.png,airplane
00954.png,frog
00955.png,automobile
00956.png,frog
00957.png,frog
00958.png,bird
00959.png,airplane
00960.png,dog
00961.png,ship
00962.png,ship
00963.png,truck
00964.png,bird
00965.png,frog
00966.png,airplane
00967.png,frog
00968.png,bird
00969.png,horse
00970.png,frog
00971.png,frog
00972.png,truck
00973.png,frog
00974.png,horse
00975.png,horse
00976.png,airplane
00977.png,frog
00978.png,airplane
00979.png,dog
00980.png,frog
00981.png,airplane
00982.png,airplane
00983.png,automobile
00984.png,automobile
00985.png,horse
00986.png,bird
00987.png,deer
00988.png,deer
00989.png,truck
00990.png,deer
00991.png,ship
00992.png,horse
00993.png,deer
00994.png,airplane
00995.png,ship
00996.png,airplane
00997.png,horse
00998.png,cat
00999.png,airplane
01000.png,automobile
01001.png,ship
01002.png,ship
01003.png,frog
01004.png,dog
01005.png,dog
01006.png,frog
01007.png,frog
01008.png,automobile
01009.png,truck
01010.png,airplane
01011.png,dog
01012.png,truck
01013.png,airplane
01014.png,bird
01015.png,cat
01016.png,bird
01017.png,deer
01018.png,frog
01019.png,frog
01020.png,deer
01021.png,automobile
01022.png,truck
01023.png,frog
01024.png,deer
01025.png,airplane
01026.png,truck
01027.png,cat
01028.png,deer
01029.png,bird
01030.png,bird
01031.png,dog
01032.png,frog
01033.png,dog
01034.png,horse
01035.png,truck
01036.png,truck
01037.png,automobile
01038.png,automobile
01039.png,cat
01040.png,dog
01041.png,frog
01042.png,automobile
01043.png,cat
01044.png,cat
01045.png,truck
01046.png,airplane
01047.png,automobile
01048.png,cat
01049.png,airplane
01050.png,automobile
01051.png,deer
01052.png,automobile
01053.png,dog
01054.png,dog
01055.png,deer
01056.png,bird
01057.png,ship
01058.png,bird
01059.png,cat
01060.png,frog
01061.png,ship
01062.png,dog
01063.png,ship
01064.png,truck
01065.png,truck
01066.png,airplane
01067.png,cat
01068.png,deer
01069.png,automobile
01070.png,ship
01071.png,dog
01072.png,dog
01073.png,frog
01074.png,cat
01075.png,airplane
01076.png,airplane
01077.png,ship
01078.png,frog
01079.png,ship
01080.png,truck
01081.png,deer
01082.png,cat
01083.png,deer
01084.png,deer
01085.png,automobile
01086.png,cat
01087.png,frog
01088.png,bird
01089.png,horse
01090.png,dog
01091.png,dog
01092.png,dog
01093.png,horse
01094.png,deer
01095.png,cat
01096.png,dog
01097.png,ship
01098.png,airplane
01099.png,bird
01100.png,horse
01101.png,frog
01102.png,deer
01103.png,automobile
01104.png,horse
01105.png,dog
01106.png,truck
01107.png,cat
01108.png,dog
01109.png,dog
01110.png,truck
01111.png,airplane
01112.png,bird
01113.png,cat
01114.png,automobile
01115.png,dog
01116.png,cat
01117.png,horse
01118.png,dog
01119.png,bird
01120.png,horse
01121.png,automobile
01122.png,dog
01123.png,truck
01124.png,bird
01125.png,airplane
01126.png,deer
01127.png,truck
01128.png,dog
01129.png,horse
01130.png,deer
01131.png,frog
01132.png,deer
01133.png,cat
01134.png,airplane
01135.png,deer
01136.png,deer
01137.png,dog
01138.png,automobile
01139.png,cat
01140.png,cat
01141.png,ship
01142.png,truck
01143.png,frog
01144.png,deer
01145.png,bird
01146.png,dog
01147.png,ship
01148.png,truck
01149.png,dog
01150.png,truck
01151.png,horse
01152.png,ship
01153.png,truck
01154.png,airplane
01155.png,dog
01156.png,automobile
01157.png,automobile
01158.png,airplane
01159.png,cat
01160.png,cat
01161.png,frog
01162.png,ship
01163.png,deer
01164.png,horse
01165.png,cat
01166.png,dog
01167.png,truck
01168.png,bird
01169.png,truck
01170.png,deer
01171.png,ship
01172.png,cat
01173.png,truck
01174.png,horse
01175.png,frog
01176.png,ship
01177.png,ship
01178.png,frog
01179.png,airplane
01180.png,frog
01181.png,frog
01182.png,dog
01183.png,automobile
01184.png,deer
01185.png,automobile
01186.png,ship
01187.png,automobile
01188.png,deer
01189.png,airplane
01190.png,automobile
01191.png,frog
01192.png,truck
01193.png,dog
01194.png,ship
01195.png,ship
01196.png,horse
01197.png,cat
01198.png,cat
01199.png,bird
01200.png,cat
01201.png,bird
01202.png,automobile
01203.png,automobile
01204.png,automobile
01205.png,airplane
01206.png,bird
01207.png,bird
01208.png,deer
01209.png,frog
01210.png,automobile
01211.png,automobile
01212.png,ship
01213.png,horse
01214.png,automobile
01215.png,dog
01216.png,ship
01217.png,bird
01218.png,automobile
01219.png,automobile
01220.png,ship
01221.png,frog
01222.png,cat
01223.png,deer
01224.png,dog
01225.png,airplane
01226.png,dog
01227.png,bird
01228.png,automobile
01229.png,truck
01230.png,airplane
01231.png,airplane
01232.png,horse
01233.png,bird
01234.png,deer
01235.png,airplane
01236.png,frog
01237.png,dog
01238.png,deer
01239.png,ship
01240.png,cat
01241.png,deer
01242.png,automobile
01243.png,bird
01244.png,bird
01245.png,airplane
01246.png,frog
01247.png,frog
01248.png,deer
01249.png,bird
01250.png,deer
01251.png,dog
01252.png,truck
01253.png,cat
01254.png,dog
01255.png,truck
01256.png,truck
01257.png,frog
01258.png,frog
01259.png,horse
01260.png,automobile
01261.png,ship
01262.png,ship
01263.png,dog
01264.png,frog
01265.png,automobile
01266.png,ship
01267.png,dog
01268.png,horse
01269.png,truck
01270.png,cat
01271.png,airplane
01272.png,horse
01273.png,horse
01274.png,frog
01275.png,truck
01276.png,frog
01277.png,deer
01278.png,ship
01279.png,truck
01280.png,dog
01281.png,deer
01282.png,horse
01283.png,airplane
01284.png,frog
01285.png,frog
01286.png,bird
01287.png,bird
01288.png,airplane
01289.png,horse
01290.png,truck
01291.png,automobile
01292.png,deer
01293.png,dog
01294.png,horse
01295.png,horse
01296.png,dog
01297.png,bird
01298.png,truck
01299.png,horse
01300.png,truck
01301.png,horse
01302.png,cat
01303.png,ship
01304.png,dog
01305.png,cat
01306.png,frog
01307.png,truck
01308.png,frog
01309.png,airplane
01310.png,dog
01311.png,ship
01312.png,deer
01313.png,ship
01314.png,truck
01315.png,ship
01316.png,dog
01317.png,bird
01318.png,horse
01319.png,frog
01320.png,automobile
01321.png,airplane
01322.png,cat
01323.png,airplane
01324.png,automobile
01325.png,ship
01326.png,deer
01327.png,ship
01328.png,ship
01329.png,horse
01330.png,cat
01331.png,deer
01332.png,bird
01333.png,frog
01334.png,horse
01335.png,dog
01336.png,frog
01337.png,ship
01338.png,airplane
01339.png,truck
01340.png,airplane
01341.png,horse
01342.png,cat
01343.png,truck
01344.png,airplane
01345.png,cat
01346.png,dog
01347.png,horse
01348.png,cat
01349.png,truck
01350.png,airplane
01351.png,bird
01352.png,airplane
01353.png,truck
01354.png,frog
01355.png,airplane
01356.png,cat
01357.png,dog
01358.png,bird
01359.png,frog
01360.png,truck
01361.png,cat
01362.png,dog
01363.png,deer
01364.png,horse
01365.png,frog
01366.png,automobile
01367.png,automobile
01368.png,bird
01369.png,airplane
01370.png,horse
01371.png,ship
01372.png,truck
01373.png,dog
01374.png,dog
01375.png,deer
01376.png,cat
01377.png,frog
01378.png,deer
01379.png,dog
01380.png,cat
01381.png,horse
01382.png,airplane
01383.png,automobile
01384.png,truck
01385.png,automobile
01386.png,cat
01387.png,cat
01388.png,truck
01389.png,horse
01390.png,automobile
01391.png,horse
01392.png,horse
01393.png,frog
01394.png,bird
01395.png,cat
01396.png,frog
01397.png,airplane
01398.png,deer
01399.png,deer
01400.png,ship
01401.png,frog
01402.png,ship
01403.png,automobile
01404.png,bird
01405.png,deer
01406.png,deer
01407.png,airplane
01408.png,deer
01409.png,dog
01410.png,deer
01411.png,frog
01412.png,ship
01413.png,cat
01414.png,deer
01415.png,automobile
01416.png,airplane
01417.png,deer
01418.png,ship
01419.png,dog
01420.png,airplane
01421.png,dog
01422.png,dog
01423.png,automobile
01424.png,cat
01425.png,horse
01426.png,horse
01427.png,dog
01428.png,airplane
01429.png,dog
01430.png,ship
01431.png,dog
01432.png,airplane
01433.png,bird
01434.png,frog
01435.png,frog
01436.png,deer
01437.png,airplane
01438.png,automobile
01439.png,frog
01440.png,bird
01441.png,airplane
01442.png,horse
01443.png,airplane
01444.png,deer
01445.png,ship
01446.png,bird
01447.png,horse
01448.png,automobile
01449.png,truck
01450.png,ship
01451.png,frog
01452.png,frog
01453.png,ship
01454.png,deer
01455.png,ship
01456.png,bird
01457.png,cat
01458.png,frog
01459.png,ship
01460.png,airplane
01461.png,automobile
01462.png,horse
01463.png,truck
01464.png,bird
01465.png,deer
01466.png,bird
01467.png,dog
01468.png,deer
01469.png,horse
01470.png,deer
01471.png,deer
01472.png,horse
01473.png,automobile
01474.png,dog
01475.png,bird
01476.png,cat
01477.png,cat
01478.png,airplane
01479.png,truck
01480.png,bird
01481.png,cat
01482.png,automobile
01483.png,airplane
01484.png,dog
01485.png,deer
01486.png,automobile
01487.png,bird
01488.png,automobile
01489.png,ship
01490.png,frog
01491.png,truck
01492.png,deer
01493.png,automobile
01494.png,dog
01495.png,deer
01496.png,deer
01497.png,dog
01498.png,ship
01499.png,frog
01500.png,airplane
01501.png,truck
01502.png,airplane
01503.png,ship
01504.png,frog
01505.png,ship
01506.png,bird
01507.png,deer
01508.png,deer
01509.png,deer
01510.png,frog
01511.png,ship
01512.png,horse
01513.png,frog
01514.png,horse
01515.png,horse
01516.png,horse
01517.png,ship
01518.png,truck
01519.png,ship
01520.png,horse
01521.png,ship
01522.png,airplane
01523.png,deer
01524.png,horse
01525.png,deer
01526.png,airplane
01527.png,automobile
01528.png,cat
01529.png,airplane
01530.png,cat
01531.png,airplane
01532.png,truck
01533.png,ship
01534.png,bird
01535.png,bird
01536.png,automobile
01537.png,horse
01538.png,truck
01539.png,ship
01540.png,horse
01541.png,truck
01542.png,frog
01543.png,bird
01544.png,dog
01545.png,dog
01546.png,deer
01547.png,horse
01548.png,cat
01549.png,cat
01550.png,deer
01551.png,deer
01552.png,dog
01553.png,frog
01554.png,horse
01555.png,ship
01556.png,airplane
01557.png,ship
01558.png,frog
01559.png,truck
01560.png,airplane
01561.png,horse
01562.png,truck
01563.png,truck
01564.png,automobile
01565.png,deer
01566.png,horse
01567.png,dog
01568.png,bird
01569.png,frog
01570.png,truck
01571.png,horse
01572.png,automobile
01573.png,dog
01574.png,truck
01575.png,cat
01576.png,automobile
01577.png,automobile
01578.png,horse
01579.png,bird
01580.png,airplane
01581.png,deer
01582.png,dog
01583.png,airplane
01584.png,deer
01585.png,airplane
01586.png,horse
01587.png,bird
01588.png,dog
01589.png,deer
01590.png,automobile
01591.png,truck
01592.png,truck
01593.png,horse
01594.png,horse
01595.png,ship
01596.png,horse
01597.png,airplane
01598.png,cat
01599.png,automobile
01600.png,ship
01601.png,airplane
01602.png,horse
01603.png,dog
01604.png,cat
01605.png,dog
01606.png,ship
01607.png,automobile
01608.png,deer
01609.png,deer
01610.png,deer
01611.png,dog
01612.png,deer
01613.png,airplane
01614.png,horse
01615.png,deer
01616.png,deer
01617.png,airplane
01618.png,airplane
01619.png,truck
01620.png,horse
01621.png,dog
01622.png,airplane
01623.png,frog
01624.png,bird
01625.png,ship
01626.png,ship
01627.png,dog
01628.png,frog
01629.png,automobile
01630.png,bird
01631.png,airplane
01632.png,airplane
01633.png,automobile
01634.png,cat
01635.png,dog
01636.png,truck
01637.png,truck
01638.png,cat
01639.png,dog
01640.png,airplane
01641.png,automobile
01642.png,automobile
01643.png,airplane
01644.png,truck
01645.png,horse
01646.png,frog
01647.png,truck
01648.png,cat
01649.png,deer
01650.png,airplane
01651.png,ship
01652.png,ship
01653.png,truck
01654.png,frog
01655.png,airplane
01656.png,automobile
01657.png,horse
01658.png,bird
01659.png,truck
01660.png,dog
01661.png,airplane
01662.png,cat
01663.png,airplane
01664.png,airplane
01665.png,horse
01666.png,frog
01667.png,bird
01668.png,ship
01669.png,automobile
01670.png,horse
01671.png,airplane
01672.png,frog
01673.png,dog
01674.png,dog
01675.png,airplane
01676.png,frog
01677.png,truck
01678.png,ship
01679.png,frog
01680.png,deer
01681.png,automobile
01682.png,bird
01683.png,ship
01684.png,frog
01685.png,frog
01686.png,ship
01687.png,cat
01688.png,cat
01689.png,horse
01690.png,truck
01691.png,truck
01692.png,deer
01693.png,dog
01694.png,automobile
01695.png,frog
01696.png,truck
01697.png,deer
01698.png,deer
01699.png,dog
01700.png,frog
01701.png,deer
01702.png,dog
01703.png,frog
01704.png,frog
01705.png,deer
01706.png,bird
01707.png,cat
01708.png,deer
01709.png,deer
01710.png,airplane
01711.png,deer
01712.png,frog
01713.png,cat
01714.png,truck
01715.png,automobile
01716.png,deer
01717.png,frog
01718.png,ship
01719.png,bird
01720.png,bird
01721.png,frog
01722.png,cat
01723.png,horse
01724.png,ship
01725.png,deer
01726.png,deer
01727.png,airplane
01728.png,ship
01729.png,dog
01730.png,horse
01731.png,horse
01732.png,ship
01733.png,dog
01734.png,deer
01735.png,ship
01736.png,airplane
01737.png,deer
01738.png,ship
01739.png,deer
01740.png,automobile
01741.png,dog
01742.png,cat
01743.png,dog
01744.png,dog
01745.png,airplane
01746.png,airplane
01747.png,dog
01748.png,horse
01749.png,truck
01750.png,dog
01751.png,truck
01752.png,automobile
01753.png,frog
01754.png,frog
01755.png,bird
01756.png,horse
01757.png,truck
01758.png,deer
01759.png,cat
01760.png,horse
01761.png,airplane
01762.png,automobile
01763.png,horse
01764.png,truck
01765.png,frog
01766.png,frog
01767.png,automobile
01768.png,deer
01769.png,deer
01770.png,deer
01771.png,truck
01772.png,bird
01773.png,frog
01774.png,truck
01775.png,dog
01776.png,airplane
01777.png,dog
01778.png,airplane
01779.png,bird
01780.png,airplane
01781.png,automobile
01782.png,dog
01783.png,horse
01784.png,horse
01785.png,truck
01786.png,dog
01787.png,bird
01788.png,bird
01789.png,ship
01790.png,automobile
01791.png,deer
01792.png,dog
01793.png,cat
01794.png,ship
01795.png,truck
01796.png,ship
01797.png,automobile
01798.png,dog
01799.png,bird
01800.png,dog
01801.png,airplane
01802.png,ship
01803.png,dog
01804.png,horse
01805.png,automobile
01806.png,ship
01807.png,ship
01808.png,horse
01809.png,dog
01810.png,cat
01811.png,bird
01812.png,automobile
01813.png,truck
01814.png,deer
01815.png,horse
01816.png,automobile
01817.png,deer
01818.png,frog
01819.png,frog
01820.png,automobile
01821.png,truck
01822.png,cat
01823.png,airplane
01824.png,horse
01825.png,airplane
01826.png,truck
01827.png,horse
01828.png,bird
01829.png,ship
01830.png,airplane
01831.png,truck
01832.png,airplane
01833.png,dog
01834.png,airplane
01835.png,deer
01836.png,airplane
01837.png,horse
01838.png,dog
01839.png,cat
01840.png,truck
01841.png,ship
01842.png,frog
01843.png,dog
01844.png,automobile
01845.png,horse
01846.png,dog
01847.png,bird
01848.png,frog
01849.png,dog
01850.png,deer
01851.png,frog
01852.png,cat
01853.png,automobile
01854.png,deer
01855.png,dog
01856.png,truck
01857.png,automobile
01858.png,ship
01859.png,cat
01860.png,ship
01861.png,cat
01862.png,dog
01863.png,bird
01864.png,frog
01865.png,ship
01866.png,ship
01867.png,truck
01868.png,deer
01869.png,cat
01870.png,horse
01871.png,bird
01872.png,ship
01873.png,ship
01874.png,truck
01875.png,automobile
01876.png,airplane
01877.png,automobile
01878.png,deer
01879.png,frog
01880.png,airplane
01881.png,cat
01882.png,horse
01883.png,airplane
01884.png,truck
01885.png,cat
01886.png,airplane
01887.png,frog
01888.png,ship
01889.png,horse
01890.png,horse
01891.png,frog
01892.png,frog
01893.png,horse
01894.png,ship
01895.png,deer
01896.png,ship
01897.png,frog
01898.png,truck
01899.png,airplane
01900.png,automobile
01901.png,cat
01902.png,deer
01903.png,airplane
01904.png,deer
01905.png,frog
01906.png,airplane
01907.png,dog
01908.png,horse
01909.png,ship
01910.png,ship
01911.png,dog
01912.png,ship
01913.png,truck
01914.png,ship
01915.png,automobile
01916.png,cat
01917.png,frog
01918.png,frog
01919.png,truck
01920.png,automobile
01921.png,bird
01922.png,bird
01923.png,deer
01924.png,airplane
01925.png,truck
01926.png,truck
01927.png,horse
01928.png,automobile
01929.png,ship
01930.png,airplane
01931.png,frog
01932.png,bird
01933.png,airplane
01934.png,cat
01935.png,airplane
01936.png,bird
01937.png,automobile
01938.png,dog
01939.png,deer
01940.png,ship
01941.png,ship
01942.png,automobile
01943.png,deer
01944.png,horse
01945.png,cat
01946.png,truck
01947.png,truck
01948.png,deer
01949.png,bird
01950.png,ship
01951.png,frog
01952.png,airplane
01953.png,dog
01954.png,airplane
01955.png,airplane
01956.png,automobile
01957.png,dog
01958.png,deer
01959.png,cat
01960.png,bird
01961.png,horse
01962.png,frog
01963.png,dog
01964.png,ship
01965.png,horse
01966.png,horse
01967.png,ship
01968.png,deer
01969.png,frog
01970.png,automobile
01971.png,horse
01972.png,deer
01973.png,automobile
01974.png,truck
01975.png,automobile
01976.png,ship
01977.png,deer
01978.png,frog
01979.png,truck
01980.png,deer
01981.png,cat
01982.png,ship
01983.png,cat
01984.png,bird
01985.png,airplane
01986.png,automobile
01987.png,dog
01988.png,ship
01989.png,dog
01990.png,automobile
01991.png,cat
01992.png,bird
01993.png,cat
01994.png,ship
01995.png,horse
01996.png,horse
01997.png,ship
01998.png,cat
01999.png,dog
